{"score": 0.8818994853965406, "iou": 0.76670239371204}