{"score": 0.8651819557386665, "iou": 0.4811831893395812}