{"score": 0.8646349409365803, "iou": 0.5636759108210985}