{"score": 0.9684758720694292, "iou": 0.4118727050183599}