{"score": 0.9676817514402541, "iou": 0.7771041369472182}