{"score": 0.9490363105733091, "iou": 0.42312378167641324}