{"score": 0.9107406601966473, "iou": 0.49176954732510286}