{"score": 0.8761085857695644, "iou": 0.19525065963060687}