{"score": 0.9763035665424564, "iou": 0.3597181444509689}