{"score": 0.9030663716796826, "iou": 0.6479035037334865}